Search...,Buscar...
All Categories,Todas las Categorías
Copy Selected,Copiar Selección
Move Selected,Mover Selección
Select All,Seleccionar Todo
Add All to Cart,Agregar Todo al Carrito
Cart Subtotal,Sub-Total
Lists,Listas
Purchases and Returns,Compras y Devoluciones
Cart,Carrito
RMA,Devoluciones
Enter your email address,Introduce tu correo electrónico
Enter our email address,Introduce tu correo electrónico
Allowed file types:,Tipos de archivos permitidos:
Allowed file types :,Tipos de archivos permitidos:
Allowed file types,Tipos de archivos permitidos
Allowed file types ,Tipos de archivos permitidos
Refine By,Refinar por
Products,Productos
%1 of %2 Products,%1 de %2 Productos
Product,Producto
%1-%2 of %3 Products,%1-%2 de %3 Productos 
