"Seller Dashboard","Seller Dashboard"
January,Enero
February,Febrero
March,Marzo
April,Abril
May,Mayo
June,Junio
July,Julio
August,Agosto
September,Septiembre
October,Octubre
November,Noviembre
December,Diciembre
Day,Día
Month,Mes
Year,Año
Sale,Venta
"Product approved","Producto aprobado"
"Product disapproved","Producto desaprobado"
". '</span>'",". '</span>'"
"Order placed notification","Notificación de pedido recibido"
"Do You Want To Make This Customer As Seller ?","¿Quieres convertir este cliente a vendedor?"
"Shop Url","URL de Tienda"
"Shop URLs","URL de Tienda"
"Approve Seller","Aprobar Vendedor"
"Assign Category","Asignar Categoría"
Commission,Comisión
"Commission Details","Detalles de Comisión"
"Change Commission","Cambiar Comisión"
"Set Commission In Percentage For This Seller","Establecer Comisión en Porcentaje para este Vendedor"
"Payment Information","Información de Pago"
"Do You Want To Remove This Seller ?","¿Quieres Eliminar a este Vendedor?"
"Check To Unapprove Seller","Verifica para Desaprobar al Vendedor"
ID,ID
Created,Creado
Name,Nombre
"Email","Correo Electrónico"
"Flag Reason","Motivo de Denuncia"
"Flag Date","Fecha de Denuncia"
"Product Name","Nombre de Producto"
"Product SKU","Código de Producto"
"Product Price","Precio del Producto"
"Product Assignment","Asignación de Productos"
"Seller Account Information","Información de Cuenta del vendedor"
"Seller Profile Information","Información del Perfil del Vendedor"
"Admin Store","Admin Store"
"Admin Store View","Admin Store View"
"Select Store","Selecciona Tienda"
"Twitter ID","ID de Twitter"
"Allow to Display Twitter Icon in Profile Page","Permitir Mostrar el Icono de Twitter en la Página de Perfil"
"Facebook ID","ID de Facebook"
"Allow to Display Facebook Icon in Profile Page","Permitir Mostrar el Icono de Facebook en la Página de Perfil"
"Instagram ID","ID de Instagram"
"Allow to Display Instagram Icon in Profile Page","Permitir Mostrar el Icono de Instagram en la Página de Perfil"
"Google+ ID","ID de Google+"
"Allow to Display Google+ Icon in Profile Page","Permitir Mostrar el Icono de Google+ en la Página de Perfil"
"Youtube ID","ID de Youtube"
"Allow to Display Youtube Icon in Profile Page","Permitir Mostrar el Icono de Youtube en la Página de Perfil"
"Vimeo ID","ID de Vimeo"
"Allow to Display Vimeo Icon in Profile Page","Permitir Mostrar el Icono de Vimeo en la Página de Perfil"
"Pinterest ID","ID de Pinterest"
"Allow to Display Pinterest Icon in Profile Page","Permitir Mostrar el Icono de Pinterest en la Página de Perfil"
"Moleskine ID","ID de Moleskine"
"Allow to Display Moleskine Icon in Profile Page","Permitir Mostrar el Icono de Moleskine en la Página de Perfil"
"Contact Number","Número de Contacto"
"Tax/VAT Number","RIF"
"Shop Title","Nombre Comercial"
"Company Locality","Dirección de su Empresa"
"Select Country","Selecciona su País"
"Company Description","Descripción de su Empresa"
"Return Policy","Política de Devoluciones"
"Shipping Policy","Política de Envío"
"Privacy Policy","Política de Privacidad"
"Meta Keywords","Palabras Claves - Meta"
"Meta Description","Descripción - Meta"
"Company Banner","Banner de su Empresa"
"Company Logo","Logo de su Empresa"
Flags,Denuncias
Back,Regresar
"Delete Reason","Razón para Eliminar"
"Are you sure you want to do this?","¿Estás seguro de que quieres hacer esto?"
"Save and Continue Edit","Guardar y Continuar Editando"
"Save Reason","Guardar Motivo"
"Marketplace Seller Collection","Produtos del Vendedor"
"Marketplace Seller Feedback","Comentarios sobre el Vendedor"
"Marketplace Seller Location","Ubicación del Vendedor"
"My Orders","Mis Pedidos"
Subtotal,Sub-Total
Discount,Discount
"Total Tax","Total Tax"
"Shipping & Handling","Shipping & Handling"
"Adjustment Refund","Adjustment Refund"
"Adjustment Fee","Cargo por Ajuste"
"Grand Total","Total"
"Total COD Charges","Total COD Charges"
"Total Ordered Amount","Monto Total Pedido"
"Total Ordered Amount(in base currency)","Monto Total Pedido(en moneda base)"
"Total Vendor Amount","Monto Total del Vendedor"
"Total Vendor Amount(in base currency)","Monto Total del Vendedor(en moneda base)"
"Total Admin Commission","Total de Comisiones Administración"
"Total Admin Commission(in base currency)","Total de Comisiones Administrador(en moneda base)"
"View Order Detail","Ver Detalles del Pedido"
"Items Ordered","Productos Ordenados"
Invoices,Facturas
Shipments,Envíos
Refunds,Reembolsos
"Custom Value","Custom Value"
"View Product","Ver Producto"
"View Order","Ver Pedido"
"Order #%1 is %2.","Order #%1 is %2."
"View Transaction","Ver Transacción"
"View Review","Ver Reseña"
"Marketplace Seller Privacy Policy","Política de Privacidad del Vendedor"
" 's Privacy Policy","Política de Privacidad"
"All Files","Todos los Archvios"
"YouTube and Vimeo supported.","YouTube y Vimeo soportado."
"Vimeo supported.<br />To add YouTube video, please ask admin to set YouTube API Key first.","Vimeo supported.<br />To add YouTube video, please ask admin to set YouTube API Key first."
"My Product List","Lista de Productos"
"Attribute Values","Valores de Atributos"
"Bulk Images &amp; Price","Lote de Imágenes &amp; Precio"
"Select Attributes","Selecciona Atributos"
Summary,Resumen
"Marketplace Seller Profile","Perfil del Vendedor del Marketplace"
"My Transactions","Mis Transaccione"
"Become Seller","Convertirme en Vendedor"
"Congratulations! Your seller account is created.","Felicitaciones! Su cuenta de vendedor está creada."
"Your request to become seller is successfully raised.","Su solicitud para convertirse en vendedor se presentó con éxito."
"Please confirm that you want to become seller.","Por favor confirma su intención de convertirse en vendedor."
"Shop URL already exist please set another.","La URL de la tienda ya existe, escoge otra de tu gusto."
"Marketplace Customers","Clientes del Marketplace"
"Marketplace Seller Dashboard","Panel de Vendedor Marketplace"
"invalid request","solicitud inválida"
"see error log for details","ver log de errores para detalles"
"Service unavailable: %1","Servicio no disponible: %1"
Earnings,Ganancias
"Marketplace Seller Profile Page","Página de Perfil de Vendedor"
"Profile information was successfully saved","La información del perfil se guardó correctamente"
"We can't save the customer.","No pudimos guardar los datos del perfil, intenta de nuevo."
"Twitter Id cannot contain space and special characters, allowed special characters are @,#,_,-","Twitter Id cannot contain space and special characters, allowed special characters are @,#,_,-"
"Facebook Id cannot contain space and special characters, allowed special characters are @,#,_,-","Facebook Id cannot contain space and special characters, allowed special characters are @,#,_,-"
"Instagram ID cannot contain space and special characters, allowed special characters are @,#,_,-","Instagram ID cannot contain space and special characters, allowed special characters are @,#,_,-"
"Google Plus ID cannot contain space and special characters, allowed special characters are @,#,_,-","Google Plus ID cannot contain space and special characters, allowed special characters are @,#,_,-"
"Youtube ID cannot contain space and special characters, allowed special characters are @,#,_,-","Youtube ID cannot contain space and special characters, allowed special characters are @,#,_,-"
"Vimeo ID cannot contain space and special characters, allowed special characters are @,#,_,-","Vimeo ID cannot contain space and special characters, allowed special characters are @,#,_,-"
"Pinterest ID cannot contain space and special characters, allowed special characters are @,#,_,-","Pinterest ID cannot contain space and special characters, allowed special characters are @,#,_,-"
"Moleskine ID cannot contain space and special characters, allowed special characters are @,#,_,-","Moleskine ID cannot contain space and special characters, allowed special characters are @,#,_,-"
"Tax/VAT Number cannot contain space and special characters","Tax/VAT Number cannot contain space and special characters"
"Invalid Background Color","Color de Fondo Inválido"
"Marketplace Vendor Login","Inicio de Sesión de Vendedor"
"Marketplace Notifications","Notificaciones del Marketplace"
"Marketplace Review","Revisión del Marketplace"
"The URL Rewrite has been saved.","The URL Rewrite has been saved."
"Minimum order amount information was successfully saved","Monto mínimo del pedido se guardó correctamente"
"Payment information was successfully saved","La información de pago se guardó correctamente"
"Manage Commission","Administrar Comisiones"
"Manage Feedback","Manage Feedback"
"A total of %1 record(s) has been approved.","A total of %1 record(s) has been approved."
"A total of %1 record(s) has been disapproved.","A total of %1 record(s) has been disapproved."
"Manage Seller's Order","Administrar Pedidos de Vendedores"
"A total of %1 record(s) have been approved.","A total of %1 record(s) have been approved."
"Payment has been successfully done for this seller","El pago se ha realizado correctamente para este vendedor."
"We can't pay the seller right now. %1","We can't pay the seller right now. %1"
"Product has been Denied.","El producto ha sido denegado."
"Manage Seller's Product","Administrar Productos de Vendedores"
"A total of %1 record(s) have been disapproved.","A total of %1 record(s) have been disapproved."
"You deleted the Product flag reason.","Eliminaste el motivo de denuncia del producto."
"We can't find a Product flag reason to delete.","No podemos encontrar motivo de denuncia de producto para eliminar."
"This ProductFlag Reason no longer exists.","Este motivo de denuncia de producto ya no existe."
"Edit Reason","Editar Motivo"
"New Reason","Nuevo Motivo"
Reason,Motivo
"Product Flag Reason","Product Flag Reason"
"A total of %1 record(s) have been deleted.","A total of %1 record(s) have been deleted."
"A total of %1 record(s) have been updated.","A total of %1 record(s) have been updated."
"This flag reason no longer exists.","Este motivo de denuncia ya no existe."
"You saved the product flag reason.","Guardaste el motivo de denuncia de producto."
"Seller has been Denied.","Vendedor ha sido Negado."
"Manage Sellers","Administar Vendedores"
"A total of %1 record(s) have been approved as seller.","A total of %1 record(s) have been approved as seller."
"A total of %1 record(s) status have been changed to processing.","A total of %1 record(s) status have been changed to processing."
"A total of %1 record(s) status cannot be changed from approved to processing.","A total of %1 record(s) status cannot be changed from approved to processing."
"You deleted the seller flag reason.","Eliminaste el motivo de denuncia de vendedor."
"We can't find a seller flag reason to delete.","We can't find a seller flag reason to delete."
"This SellerFlag Reason no longer exists.","Este motivo de denuncia de vendedor ya no existe."
"Seller Flag Reason","Motiva de Denuncia de Vendedor"
"This flag no longer exists.","Esta denuncia ya no existe."
"You saved the seller flag reason.","Guardaste el motivo de denuncia de vendedor."
"Sellers Transaction","Transacciones de Vendedores"
"This order no longer exists.","Este pedido ya no existe."
"You are not authorize to manage this order.","No estás autorizado para administrar este pedido."
"The invoice no longer exists.","La factura ya no existe."
"You are not authorize to view this invoice.","No estás autorizado para ver esta factura."
"The shipment no longer exists.","El envío ya no existe."
"You are not authorize to view this shipment.","No estás autorizado para ver este envío."
"The creditmemo no longer exists.","La nota de crédito ya no exite."
"You are not authorize to view this creditmemo.","No estás autorizado para ver esta nota de crédito."
"The order has been cancelled.","El pedido ha sido cancelado."
"You are not permitted to cancel this order.","You are not permitted to cancel this order."
"We can't send the email order right now.","We can't send the email order right now."
"The credit memo's total must be positive.","The credit memo's total must be positive."
"Cannot create online refund for Refund to Store Credit.","Cannot create online refund for Refund to Store Credit."
"You created the credit memo.","Creaste la nota de crédito."
"We can't save the credit memo right now.","We can't save the credit memo right now."
"You can not create credit memo for this order.","You can not create credit memo for this order."
"New Credit Memo for Order #%1","Nueva Nota de Crédito para Pedido #%1"
"The message has been sent.","El mensaje ha sido enviado."
"Failed to send the creditmemo email.","No se pudo enviar el correo electrónico de nota de crédito."
"We can't print the creditmemo right now.","No podemos imprimir la nota de crédito en este momento."
"Order #%1","Pedido #%1"
"Credit Memo - Order #%1","Nota de Crédito - Pedido #%1"
"You sent the order email.","Enviaste el correo electrónico del pedido."
"Marketplace Seller Orders","Pedidos de Vendedor"
"Can not create invoice as order is in HOLD state","No se puede crear una factura ya que el pedido está en estado de STAND BY"
"We can't save the invoice right now.","We can't save the invoice right now."
"You can't create an invoice without products.","You can't create an invoice without products."
"Invoice has been created for this order.","Invoice has been created for this order."
"Failed to send the invoice email.","Failed to send the invoice email."
"There are no printable documents related to selected date range.","There are no printable documents related to selected date range."
"We can't print the invoice right now.","We can't print the invoice right now."
"Information was successfully saved","La información se guardó correctamente"
"Order Details of Product : %1","Detalles del Pedido del Producto : %1"
"Can not create shipment as order is in HOLD state","No se puede crear una envío ya que el pedido está en estado de STAND BY"
"Cannot do shipment for the order separately from invoice.","Cannot do shipment for the order separately from invoice."
"Cannot do shipment for the order.","No se puede realizar el envío del pedido."
"The shipment has been created.","Se ha creado el envío."
"The shipping label has been created.","Se ha creado la etiqueta de envío."
"We can't save the shipment right now.","We can't save the shipment right now."
"Failed to send the Shipping email.","Failed to send the Shipping email."
"We can't print the shipment right now.","No podemos imprimir el envío en este momento."
"Please specify a carrier.","Por favor, especifique un transportista."
"Please enter a tracking number.","Ingrese un número de seguimiento."
"We can't initialize shipment for adding tracking number.","We can't initialize shipment for adding tracking number."
"Cannot add tracking number.%1","Cannot add tracking number.%1"
"We can't load track with retrieving identifier right now.%1","We can't load track with retrieving identifier right now.%1"
"We can't delete tracking number.","No podemos eliminar el número de rastreo."
"Manage Print PDF Header Info","Encabezado de Documentos"
"There are no printable documents related to selected order(s).","No hay documentos imprimibles relacionados con el(los) pedido(s) seleccionado(s)."
"Notification marked as read.","Notificación marcada como leída."
"Something went wrong.","Algo salió mal."
"Product Type Or Attribute Set Invalid or Not Allowed","Tipo de Producto o Conjunto de Atributos Inválido o No Permitido"
"Add Product","Agregar Producto"
"Create Attribute","Crear Atributo"
"Attribute Code already exists","Código del Atributo ya existe"
"Attribute code ""%1"" is invalid. Please use only letters (a-z), numbers (0-9) or underscore(_) in this field, first character should be a letter.","Attribute code ""%1"" is invalid. Por favor usa sólo letras (a-z), números (0-9) o guion bajo(_) en este campo, el primer carácter debe ser una letra."
"Attribute Created Successfully","Atributo Creado con Éxito"
"Add New Product","Agregar Producto Nuevo"
"Please select attribute set and product type.","Seleccione el Conjunto de Atributos y el Tipo de Producto."
"Something went wrong while getting the requested content.","Se produjo un error al obtener el contenido solicitado."
"This product no longer exists.","Este producto ya no existe."
"Edit Product","Editar Producto"
"Could not get preview image information. Please check your connection and try again.","Could not get preview image information. Please check your connection and try again."
"Products are successfully deleted from your account.","Products are successfully deleted from your account."
"Marketplace Product List","Marketplace Product List"
"Your product has been successfully saved","Your product has been successfully saved"
"Name has to be completed","Name has to be completed"
"Description has to be completed","Description has to be completed"
"Price should contain only decimal numbers","Price should contain only decimal numbers"
"Weight should contain only decimal numbers","Weight should contain only decimal numbers"
"Product quantity should contain only decimal numbers","Product quantity should contain only decimal numbers"
"Sku Type has to be selected","Sku Type has to be selected"
"Sku has to be completed","Sku has to be completed"
"Price Type has to be selected","Price Type has to be selected"
"Weight Type has to be selected","Weight Type has to be selected"
"Default Title has to be completed","Default Title has to be completed"
"Allowed Product Cart Limit Qty should contain only decimal numbers","Allowed Product Cart Limit Qty should contain only decimal numbers"
"Product Type Invalid Or Not Allowed","Product Type Invalid Or Not Allowed"
"You are not allowed to add virtual products, so please set product weight.","You are not allowed to add virtual products, so please set product weight."
"You duplicated the product.","You duplicated the product."
"I would like to inform you that recently I have added a new product in the store.","I would like to inform you that recently I have added a new product in the store."
"I would like to inform you that recently I have updated a  product in the store.","I would like to inform you that recently I have updated a  product in the store."
"The image cannot be removed as it has been assigned to the other image role","The image cannot be removed as it has been assigned to the other image role"
"Your Review was successfully saved","Your Review was successfully saved"
"Marketplace Seller List","Marketplace Seller List"
None,None
"Marketplace Seller Transactions","Marketplace Seller Transactions"
"Marketplace Seller Transaction View","Marketplace Seller Transaction View"
"Your withdrawal request has been sent successfully.","Your withdrawal request has been sent successfully."
Simple,Simple
Downloadable,Descargable
Virtual,Virtual
Configurable,Configurable
"Grouped Product","Producto Agrupado"
"Bundle Product","Producto en Combo"
"Please Select","Por Favor Seleccione"
"%1 days ago","Hace %1 día"
"%1 hours ago","Hace %1 hora"
"%1 minutes ago","Hace %1 minuto"
"%1 seconds ago","Hace %1 segundo"
"%1 is approved.","%1 esta aprobado."
"%1 is disapproved.","%1 está desaprobado."
"You have recieved payment for #%1 order. Mode of payment is %2.","You have recieved payment for #%1 order. Mode of payment is %2."
"%1 gives %2 star rating.","%1 gives %2 star rating."
"Seller has been paid online","El vendedor recibió su pago en línea"
Ordered,Pedido
Invoiced,Facturado
Shipped,Enviado
Canceled,Cancelado
Refunded,Reembolsado
"Notified customer about invoice #%1.","Notificar al cliente sobre la factura #%1."
"The captured amount is %1.","The captured amount is %1."
"Bad controller interface for showing product","Bad controller interface for showing product"
"Product is not loaded","El producto no está cargado"
"Type 1","Tipo 1"
"Type 2","Tipo 2"
Enabled,Habilitado
Disabled,Deshabilitar
"Layout 1","Diseño 1"
"Layout 2","Diseño 2"
"Layout 3","Diseño 3"
Default,Predeterminado
1:1,1:1
1:2,1:2
1:3,1:3
1:4,1:4
1:5,1:5
3:4,3:4
"Yes, Required","Si, Requerido"
No,No
Static,Estático
Dynamic,Dinámico
Approved,Aprobado
Disapproved,Desaprobado
"1 Star","1 Estrella"
"2 Star","2 Estrellas"
"3 Star","3 Estrellas"
"4 Star","4 Estrellas"
"5 Star","5 Estrellas"
Seller,Vendedor
Product,Producto
Transaction,Transacción
Review,Review
"New product added by the seller","New product added by the seller"
". '</span>' '<span class=""wk-focus"">' . . '</span>'",". '</span>' '<span class=""wk-focus"">' . . '</span>'"
"Product details updated by seller","Product details updated by seller"
"New Customer registered as seller","New Customer registered as seller"
"New review submitted by buyer","New review submitted by buyer"
"Unable to remove notification data record with id %1","Unable to remove notification data record with id %1"
"Order # ","Pedido # "
"Order Date: ","Fecha del Pedido: "
"Payment Method:","Método de Pago:"
"Shipping Method:","Método de Envío:"
"Total Shipping Charges","Total de Gastos de Envío"
Title,Título
Number,Número
"Sold to:","Vendido a:"
"Ship to:","Enviado a:"
"Payment Method","Método de Pago"
"Invoice # ","Factura # "
Requested,Solicitado
"No Request","Sin Solicitud"
Pending,Pendiente
Paid,Pagado
Hold,Hold
Voided,Anulado
"Credit Memo # ","Nota de Crédito # "
"Packing Slip # ","Hoja de Embalaje # "
Denied,Negado
"Could not save the Product Flag Reason: %1","Could not save the Product Flag Reason: %1"
"Product Flag Reason with id ""%1"" does not exist.","Product Flag Reason with id ""%1"" does not exist."
"Could not delete the ProductFlag Reason: %1","Could not delete the ProductFlag Reason: %1"
"Could not save the ProductFlag: %1","Could not save the ProductFlag: %1"
"ProductFlag with id ""%1"" does not exist.","ProductFlag with id ""%1"" does not exist."
"Could not delete the ProductFlag: %1","Could not delete the ProductFlag: %1"
Processing,Procesando
"Could not save the sellerFlagReason: %1","Could not save the sellerFlagReason: %1"
"Seller Flag Reason with id ""%1"" does not exist.","Seller Flag Reason with id ""%1"" does not exist."
"Could not delete the SellerFlagReason: %1","Could not delete the SellerFlagReason: %1"
"Could not save the SellerFlag: %1","Could not save the SellerFlag: %1"
"SellerFlag with id ""%1"" does not exist.","SellerFlag with id ""%1"" does not exist."
"Could not delete the SellerFlag: %1","Could not delete the SellerFlag: %1"
"You removed the customer from seller.","Eliminaste el cliente al vendedor."
"This Shop URL already Exists.","Esta URL de tienda ya Existe."
"You created the customer as seller.","You created the customer as seller."
"Twitter Id cannot contain space and special characters","Twitter Id cannot contain space and special characters"
"Facebook Id cannot contain space and special characters","Facebook Id cannot contain space and special characters"
"The product with id %1 is already assigned to other seller.","The product with id %1 is already assigned to other seller."
"Products has been successfully assigned to seller.","Products has been successfully assigned to seller."
"Cash On Delivery Charges","Cash On Delivery Charges"
"Shipping & Handling Charges","Cargos de Envío & Manejo"
"Tax Amount","Impuestos"
Grandtotal,Total
"The requested qty exceeds the maximum %1 qty allowed in shopping cart","The requested qty exceeds the maximum %1 qty allowed in shopping cart"
" & %1 product(s) is %2"," & %1 product(s) is %2"
"Minimum order amount for %1 product(s) is %2","Minimum order amount for %1 product(s) is %2"
"View Customer","Ver Clientes"
"View Flags","View Flags"
"View Orders","Ver Pedidos"
Edit,Editar
Order,Pedidos
"Pay Seller","Pagar al Vendedor"
"Item Pending","Item Pending"
"Item Cancelled","Item Cancelado"
"Item Refunded","Item Refunded"
"Already Paid","Ya Pagado"
"Add a Notify Message To Seller?","Add a Notify Message To Seller?"
Pay,Pagar
Reset,Reiniciar
Deny,Negar
"What is the reason to deny this product?","¿Cuál es la razón para negar este producto?"
View,Ver
--,--
"What is the reason to deny this seller?","¿Cuál es la razón para negar este vendedor?"
Price,Precio
"Product Seller","Vendedor del Producto"
"Select Seller","Selecciona Venededor"
"Product Flags","Product Flags"
"Assigned Product Ids","ID de producto asignados"
"Product Category","Categoría del Producto"
CATEGORIES,CATEGORÍAS
"Total Sale","Total de Ventas"
"Total Seller Sale","Total de Ventas del Vendedor"
"Total Admin Sale","Total Admin Sale"
"Current Commission %","Comisión Actual %"
"Shop name is available.","Nombre de tienda está disponible."
"Shop name is already exists.","El nombre de la tienda ya existe."
"Payment Information not filled by the Seller yet.","Información de pago aún no completada por el vendedor."
"Click here to view product(s) list","Click here to view product(s) list"
"Click here to view seller(s) list","Click here to view seller(s) list"
"Click here to view feedback(s) list","Click here to view feedback(s) list"
SKU,Código
"By Seller","Por Vendedor"
U,U
"Seller Payment Information","Información de Pago del Vendedor"
"Seller Name ","Nombre del Vendedor "
"Seller Email ","Correo Electrónico del Vendedor "
"Total Amount To Be Pay ","Total Amount To Be Pay "
"Add Comment","Agregar Comentario"
"Seller Request Panel","Panel de Solicitud del Vendedor"
"Waiting for approval from admin, your application current status is %1","Waiting for approval from admin, your application current status is %1"
"Your account is disapproved by the admin, please contact to admin!","Your account is disapproved by the admin, please contact to admin!"
Save,Guardar
"Shop URL","URL de Tienda"
"Shop URLs","Escoge un URL de Tienda"
"Please enter shop URL","Introduzca en minúsculas el nombre de su tienda sin espacios"
"Do you want to become a seller / vendor ?","¿ Deseas registrarte como vendedor ?"
"Congratulations! Shop name is available.","Felicitaciones! El nombre de la tienda está disponible."
"Sorry! But this shop name is not available, please set another shop name.","¡Lo sentimos! El nombre escogido para tu tienda no está disponible, escoge otro nombre similar."
"Top Selling Category","Categoría Más Vendida"
"Ask Question to Admin","Hacer una Pregunta a Soporte Técnico"
"Sales By Locations","Ventas por Localidad"
Week,Semana
"Sales Stats","Estadísticas de Ventas"
"Lifetime Sales","Ventas de Por Vida"
" Total Payout "," Total Pagado "
" Remaining Amount "," Monto Remanente "
"Top Selling Products","Productos Más Vendidos"
"%1 Sales","%1 Sales"
"Latest Order","Últimos Pedidos"
"No Order Available","No hay Pedidos Disponibles"
"Customer: ","Cliente: "
"Date: ","Fecha: "
"Order Total (Base)- ","Order Total (Base)- "
"Order Total (Purchased)- ","Order Total (Purchased)- "
"Latest Comments & Reviews","Últimos Comentarios & Revisiones"
"no comment & review available","no hay comentarios & reseñas disponibles"
Value,Valor
Quality,Calidad
Close,Cerrar
Subject,Asunto
"Your Query","Su Consulta"
Submit,Envíar
"Seller Statistics Graph","Gráfico de Estadísticas"
Filter,Filtrar
"Show Report","Mostrar Reporte"
Period:,Periodo:
From,Desde
To,Hasta
"Edit Profile Information","Información de Perfil"
"Save Profile","Guardar Perfil"
"Google Plus ID","Google Plus ID"
"Allow to Display Google Plus Icon in Profile Page","Allow to Display Google Plus Icon in Profile Page"
"Enter Contact Number","Ingrese su Número de Teléfono Móvil"
"Enter Contact Number with country code ex: (123) 456-7890","Ingrese el Número de Teléfono con el código de país, ej .: (58) 0414-777.11.22"
"Enter Tax or VAT number","Introduzca su número de RIF o Información Fiscal"
"Theme : Background Color","Color de Fondo del Tema"
"no image","no hay imagen"
Delete,Eliminar
"Delete Image","Eliminar Imagen"
"Seller Logo","Logo del Vendedor"
Country,País
"Enter Meta Keywords Comma(',') Separated..","Introduzca Meta Palabras Separadas por coma(',').."
"Manage Your Shop Url","Configuración de Tienda - URL"
"Set Your New Shop Url","Establece la URL de Tu Tienda"
"Save Url","Guardar URL"
"Edit Your Shop Url","Editar la URL de Tu Tienda"
"Profile Page Target Url Path","Página de Perfil - Ruta de Destino de URL"
"Profile Page Request Url Path","Página de Perfil – Solicitud de Ruta de URL"
"Collection Page Target Url Path","Página Showroom – Ruta de Destino de URL"
"Collection Page Request Url Path","Página Showroom - Solicitud de Ruta de URL"
"Review Page Target Url Path","Página de Reseñas – Ruta de Destino de URL"
"Review Page Request Url Path","Página de Reseñas – Solicitud de Ruta de URL"
"Location Page Target Url Path","Página de Ubicación – Ruta de Destino de URL"
"Location Page Request Url Path","Página de Ubicación – Solicitud de Ruta de URL"
"Privacy Policy Page Request Url Path","Página de Política de Privacidad – Solicitud de Ruta de URL"
"Edit Payment Information","Editar Información para Pagos"
"Save Payment","Guardar"
"Payment Details","Información de Cuentas para Recibir Pagos"
"Set Minimum Order Amount","Set Minimum Order Amount"
"Minimum Amount","Monto Mínimo"
"View Profile","Ver Perfil"
"View Collection","Ver Productos"
"Top Selling Country","País con Mayores Ventas"
"* Required Fields","* Campos Requeridos"
"If you have an account, sign in with your email address.","If you have an account, sign in with your email address."
Password,Contraseña
"Sign in","Iniciar Sesión"
"Forgot Your Password?","Forgot Your Password?"
"Don't have account? Click here to register","Don't have account? Click here to register"
Marketplace,Marketplace
"Marketplace Dashboard","Panel de Vendedor"
"Seller Profile","Perfil del Vendedor"
"New Products","Productos Nuevos"
"My Products List","Lista de Productos"
"Click here to view product list","Haga click aquí para ver Lista de Productos"
"My Transaction List","Lista de Transacciones"
"Click here to view transaction history","Click here to view transaction history"
"My Order History","Historial de Pedidos"
"Click here to view order history","Click here to view order history"
"Customers","Mis Clientes"
"Review Notification","Notificación de Reseña"
"Click here to view all reviews","Click aquí para ver todas las reseñas"
"Sold By","Vendido Por"
"Visit Shop","Visitar Tienda"
"SELLER'S COLLECTION","PRODUCTOS DEL VENDEDOR"
"We can't find products matching the selection.","We can't find products matching the selection."
"Add to Cart","Agregar a Carrito"
"In stock","Disponible"
"Out of stock","No Disponible"
"Add to Wish List","Agregar a Lista de Compras"
"Add to Compare","Agregar a Comparar"
"Learn More","Conocer Más"
"Do You Want To Become A Seller / Vendor?","¿Quieres Convertirte en Vendedor?"
"Agree as Seller","Estoy de Acuerdo como Vendedor"
Yes,Si
"Disagree as Seller","No Estoy de Acuerdo como Vendedor"
"View Seller's Shop","Ver Tienda del Vendedor"
"%1 Products","%1 Productos"
"View Seller's Collection","Ver Productos del Vendedor"
"View All","Ver Todo"
"Total Payout","Pago Total"
Yearly,Anual
Monthly,Mensual
Weekly,Semanal
Daily,Diario
Activities,Actividades
"Price Rating","Calificación de Precio"
"Value Rating","Calificación de Valor"
"Quality Rating","Calificación de Calidad"
"Latest Orders","Últimos Pedidos"
"View All Orders","Ver Todos los Pedidos"
"No comment & review available","No hay comentarios & reseñas disponibles"
"Price Reviews","Reseñas de Precio"
"Quality Reviews","Reseñas de Calidad"
"Value Reviews","Reseñas de Valor"
Order(s),Pedido(s)
Complete,Completada
Product(s),Producto(s)
Customer(s),Clientes(s)
"This month customer count","Conteo de clientes de este mes"
"Last month customer count","Conteo de clientes de mes pasado"
Dashboard,Panel
Orders,Pedidos
Products,Productos
Menu,Menu
"Add Products","Agregar Productos"
"Configurable Attribute","Configurable Attribute"
Transactions,Transactions
"Payment Settings","Configuración de Pago"
Settings,Configuración
"Profile Settings","Configuración de Perfil"
"Shipping Settings","Configuración de Envío"
"Seller Panel","Panel del Vendedor"
"My Account","Mi Cuenta"
"Account Setting","Configuración de Cuenta"
"Buyer Dashboard","Panel del Comprador"
Logout,"Cerrar Sesión"
"View Larger Map","Ver Mapa más Grande"
"Huge Buyers","Grandes Compradores"
"Get your product showcased to a huge range of customers, as everyday many user shops from us.","Get your product showcased to a huge range of customers, as everyday many user shops from us."
"Quick Payments","Pagos Rápidos"
"Once goods have been successfully delivered to respective customers, you can request for payout.","Once goods have been successfully delivered to respective customers, you can request for payout."
"Earn Badges","Insignias Ganadas"
"Once you climb a milestone you get awarded with a badge, which make you look like more pro.","Once you climb a milestone you get awarded with a badge, which make you look like more pro."
"Customize Profile","Personalizar Perfil"
"Customize your profile with information like profile logo, shop location, shipping and refund policies.","Customize your profile with information like profile logo, shop location, shipping and refund policies."
"Add Media","Agregar Media"
"Embed video YouTube to make your account more genuine and stand out in the queue.","Embed video YouTube to make your account more genuine and stand out in the queue."
"Got Stuck? Ask Questions","¿Te trancaste con algo? Preguntanos"
"If you ever get stuck, let us know and we will help you with the best we have in minimum possible time.","If you ever get stuck, let us know and we will help you with the best we have in minimum possible time."
"Manage Your Orders","Administrar Tus Pedidos"
"Manage your orders at maximum ease and help customers to have a better shopping experience.","Manage your orders at maximum ease and help customers to have a better shopping experience."
"Get Yourself Verified","Get Yourself Verified"
"Add a verified brooch to your profile by providing very necessary some business details and documents.","Add a verified brooch to your profile by providing very necessary some business details and documents."
"Create Your Own Collection","Create Your Own Collection"
"Add various products and create your own product collection that will be visible to customers.","Add various products and create your own product collection that will be visible to customers."
"Add Unlimited Products","Agrega Productos Sin Limitaciones"
"Add unlimited products which you want and fulfill your customers need.","Add unlimited products which you want and fulfill your customers need."
"Really Easy To Setup And Customize","Really Easy To Setup And Customize"
"Create an Account","Crear una Cuenta"
"Create your Profile","Crear tu Perfil"
"Add your Details","Agrega tus Detalles"
"Add your Product Listing","Agrega tu Listado de Productos"
"Sell your Products and Earn Points","Sell your Products and Earn Points"
"Register As Seller","Registrarme Como Vendedor"
"Open your own online shop & explore a new world of marketplace with more and millions of shoppers","Open your own online shop & explore a new world of marketplace with more and millions of shoppers"
"Open Your Shop","Abre Tu Tienda"
"Ask Questions","Haz Preguntas"
"Shop URL For Your Marketplace Shop","URL de la Tienda para la Tienda de Marketplace"
"Yes, I agree to ","Si, Estoy de acuerdo con los "
"Terms and Conditions","Términos y Condiciones"
"Already have account! click here to login","Ya tienes una cuenta! click aquí para Iniciar Sesión"
"Items Refunded","Productos Reembolsados"
Qty,Cantidad
"COD Charges","Cargos Cobro en Destino"
"Discount Amount","Monto del Descuento"
"Row Total","Total de Fila"
"Excl. Tax","Impuestos (No Incluidos)"
"Tax Total","Total de Impuestos"
"Discount Total","Total de Descuentos"
"Creditmemo List","Lista de Créditos"
"Credit Memos #","Notas de Crédito #"
"Bill To Name","Facturar a Nombre"
"Created At","Creado El"
Status,Estatus
Amount,Monto
Action,Action
"To Become Seller Please Contact to Admin.","Para convertirte en vendedor, contacta al administrador."
"<span class=""label"">Order Date:</span> %1","<span class=""label"">Fecha del Pedido:</span> %1"
"Buyer Information","Información del Cliente"
"Customer Name","Nombre del Cliente"
"Order Information","Información del Pedido"
"Shipping Address","Dirección de Envío"
"Shipping Method","Método de Envío"
"No shipping information available","Información de envío no disponible"
"Billing Address","Dirección de Facturación"
"ITEMS TO REFUND","PRODUCTOS A DEVOLVER"
"Back To My Orders","Regresar a Mis Pedidos"
"Return to Stock","Regresar a Inventario"
"Qty to Refund","Cantidad a Reembolsar"
"Items to Refund","Productos a Reembolsar"
"Paid Amount","Monto Pagado"
"Refund Amount","Monto Devuelto"
"Shipping Amount","Monto del Envío"
"Shipping Refund","Reembolso de Envío"
"Order Grand Total","Total del Pedido"
"Credit Memo Comments","Comentario de Nota de Crédito"
"Refund Totals","Reembolsos Totales"
"Refund Shipping","Reembolso de Envío"
"Append Comments","Agregar Comentarios"
"Visible on Frontend","Visible en Frontend"
"Email Copy of Credit Memo","Copia por Correo Electrónico de Nota de Crédito"
"Refund Offline","Reembolso Offline"
"Refund Online","Reembolso En Línea"
Refund,Reembolso
"Creditmemo #%1","Nota de Crédito #%1"
"Are you sure you want to send credit memo email to customer?","¿Está seguro que desea enviar correo electrónico con nota de crédito al cliente?"
"Send Email To Customer","Enviar Correo Electrónico al Cliente"
"Send Email","Enviar Correo Electrónico"
Print,Imprimir
"Order # %1","Pedido # %1"
"Order Status","Estatus del Pedido"
"Order Date","Fecha del Pedido"
"Address Information","Información de Direcciones"
"Payment & Shipping Method","Método de Pago & Envío"
"Shipping and Tracking Information","Información de Envío & Rastreo"
"Download All Shipping Slip","Descargar Todos los Comprobantes de Envío"
"Download All Invoice Slip","Descargar Todos los Comprobantes de Factura"
"Order Id","Pedido Id"
Date,Fecha
"Search by Order Id","Buscar por Pedido Id"
"Date From","Fecha Desde"
"Date To","Fecha Hasta"
All,Todos
label,etiqueta
"Download Invoice Slip","Descargar Comprobante de Factura"
"Date Untill","Fecha Hasta"
"Download Packaging Slip","Descargar Comprobante de Envío"
"Items Invoiced","Productos Facturados"
"Total Price","Precio Total"
"Admin Commission","Comisión Administrador"
"Vendor Total","Total del Vendedor"
"Invoice #%1","Invoice #%1"
"Are you sure you want to send invoice email to customer?","¿Estás seguro que desea enviar correo electrónico con factura al cliente?"
"Invoice Slip","Comprobante de Factura"
"Print Invoice","Imprimir Factura"
"Manage Order #%1","Administrar Pedido # %1"
"Are you sure you want to cancel this order?","¿Estás seguro que cancelar este pedido?"
"Cancel Order","Cancelar Pedido"
"Are you sure you want to send order email to customer?","¿Estás seguro que desea enviar correo electrónico con pedido al cliente?""
"Create Invoice to confirm collected amount from buyer for this order","Cree una factura para confirmar el monto cobrado a el comprador de este pedido"
"Are you sure you want to create invoice?","¿Estás seguro de que quieres crear factura?"
Invoice,Factura
"Pay Admin for his commission for this order","Pague al administrador su comisión por este pedido"
"If you pay admin commission then you can not do refund for buyer in future. Are you sure you want to pay admin for his commission?","Si pagas la comisión de administración, no podrás reembolsar al comprador en el futuro. ¿Estás seguro de pagar al administrador su comisión?"
"Pay Admin Commission","Pagar Comisión Administrativa"
"Create Credit Memo","Crear Nota de Crédito"
"Credit Memo","Nota de Crédito"
"Create Shipment for Order","Crear Envío para Pedido"
Ship,Enviar
Carrier,"Transportista
"Tracking Number","Número de Rastreo"
"Are you sure you want to create shipment?","¿Estás seguro de crear el envío?"
"Order List Per Product","Lista de Pedidos por Producto"
"Order #","Pedido #"
"Buyer Name","Nombre del Comprador"
"Sold on","Vendido en"
Download,Descargar
"Shipping Slip","Comprobante de Envío"
"Items Shipped","Productos Enviados"
"Qty Shipped","Cantidad Envíada"
"Shipment #%1","Envío #%1"
"Are you sure you want to send shipment email to customer?","¿Está seguro de remitir un correo electrónico de envío al cliente?"
"Send Tracking Information","Enviar Información de Rastreo"
"Shipment Slip","Comprobante de Envío"
"Print Shipment","Imprimir Envío"
"Track this shipment","Rastrear este envío"
Add,Agregar
"Invoice and Packing Slip Address/VAT/Tax Information","Datos para la Factura Comprobante de Envío (Dirección,RIF)"
"Save Information","Guardar Datos"
"Save & Duplicate","Guardar & Duplicar"
"Attribute Set","Set de Atributos"
Description,Descripción
"Short Description","Descripción Corta"
"SKU Available","Código Disponible"
"SKU Already Exist","Código Ya Existe"
"Special Price","Precio Especial"
"Special Price From","Precio Especial Desde"
"Special Price To","Precio Especial Hasta"
Stock,Inventario
"Stock Availability","Inventario Disponible"
"In Stock","En Stock"
"Out of Stock","No hay Stock"
Visibility,Visibilidad
"Tax Class","Tipo de Impuesto"
Weight,Peso
"Does this have a weight?","¿Tiene esto un peso?"
"Url Key","Clave de URL"
"Product in Websites","Producto in Websites"
"Meta Title","Meta Título"
"Allowed Product Qty on Product Purchase for Customer","Cantidad Permitida de Compra para el Cliente"
"By default %1 qty will be allowed for customer to add in cart.","Por defecto, la cantidad de %1 será permitida para que el cliente agregue a su carro de compras."
Warning,Advertencia
"Please Complete","Por Favor Completa"
"Your Profile","Tu Perfil"
Continue,Continuar
"Product Type","Tipo de Producto"
"Required Fields","Campos Requeridos"
"Cross-Sell Products","Productos de Venta cruzada"
"These ""impulse-buy"" products appear next to the shopping cart as cross-sells to the items already in the shopping cart.","Estos "productos "compras-impulsivas"" aparecen junto al carrito de compras como ventas cruzadas a los artículos que ya están en el carrito de compras."
Enable,Habilitar
Disable,Inhabilitar
"Step 2: Attribute Values","Paso 2: Valores de Atributo"
"Select values from each attribute to include in this product. Each unique combination of values creates a unigue product SKU.","Select values from each attribute to include in this product. Each unique combination of values creates a unigue product SKU."
"Sort Variations","Sort Variations"
Options,Opciones
"Select All","Seleccionar Todo"
"Deselect All","Deseleccionar Todo"
"Remove Attribute","Remover Atributo"
"Save Option","Guardar Opción"
"Remove Option","Removee Opción"
"Create New Value","Crear Nuevo Valor"
"Step 3: Bulk Images, Price, and Quantity","Paso 3: Lote de Imágenes, Precio, y Cantidad"
"Based on your selections <span class=""new-products-count"" data-bind=""text:countVariations""></span>
        new products will be created. Use this step to customize images and price for your new products.","Based on your selections <span class=""new-products-count"" data-bind=""text:countVariations""></span>
        new products will be created. Use this step to customize images and price for your new products."
Images,Imágenes
"Apply single set of images to all SKUs","Aplicar un solo conjunto de imágenes a todos los SKUs"
"Apply unique images by attribute to each SKU","Aplicar imágenes únicas por atributo a cada SKU"
"Skip image uploading at this time","Omitir la carga de imágenes en este momento"
"Browse Files...","Búsqueda de Archivos..."
"Browse to find or drag image here","Navegue para buscar o arrastrar la imagen aquí"
"Remove image","Remover imagen"
"Edit role","Editar rol"
Hidden,Ocultar
"Alt Text","Alt Text"
Role,Rol
"Hide from Product Page","Ocultar en Página del Producto"
"Select attribute","Selecciona atributo"
Select,Seleccione
"Apply single price to all SKUs","Aplicar precio único a todos los Códigos"
"Apply unique prices by attribute to each SKU","Aplicar precios únicos por atributo a cada Código"
"Skip price at this time","Saltar precio en este momento"
Quantity,Cantidad
"Apply single quantity to each SKUs","Aplicar una sola cantidad a cada Código"
"Apply unique quantity by attribute to each SKU","Aplicar cantidad única por atributo a cada Código"
"Skip quantity at this time","Saltar cantidad en este momento"
"Step 1: Select Attributes","Paso 1: Seleccionar Atributos"
"Selected Attributes:","Atributos Seleccionados:"
"Step 4: Summary","Paso 4: Resumen"
"Downloadable Information","Información Descargable"
"Is this downloadable Product?","¿Es este un producto descargable?"
Links,Enlaces
"Add links to your product files here.","Agregue enlaces a los archivos de sus productos aquí."
"[STORE VIEW]","[STORE VIEW]"
[GLOBAL],[GLOBAL]
"Links can be purchased separately","Los enlaces se pueden comprar por separado"
"Sort Order","Orden de Clasificación"
"Attach File or Enter Link","Adjuntar Archivo o Ingresar Enlace"
Sample,Muestra
Shareable,Compartible
"Max. Downloads","Descargas Max."
"Add New Link","Agregar Nuevo Enlace"
"Alphanumeric, dash and underscore characters are recommended for filenames. Improper characters are replaced with '_'.","Alphanumeric, dash and underscore characters are recommended for filenames. Improper characters are replaced with '_'."
File,Archivo
URL,URL
"Use config","Usar configuración"
Unlimited,Ilimitado
Samples,Muestras
"Add product preview files here.","Agregue archivos de vista previa del producto aquí."
"Use Default Value","Usar Valor por Defecto"
"Configurable products allow customers to choose options (Ex: shirt color).
                You need to create a simple product for each configuration (Ex: a product for each color).","Configurable products allow customers to choose options (Ex: shirt color).
                You need to create a simple product for each configuration (Ex: a product for each color)."
"Edit Configurations","Editar Configuraciones"
"Create Configurations","Crear Configuraciones"
"Current Variations","Variaciones Actuales"
Image,Imagen
Actions,Acciones
"Upload Image","Cargar Imagen"
"Upload image","Cargar imagen"
"No Image","Sin Imágen"
"Remove Product","Remover Producto"
"Create Product Configurations","Crear Configuraciones de Productos"
Url,URL
"Preview Image","Imagen de Vista Previa"
"Get Video Information","Obtener Información de Video"
Title:,Título:
Uploaded:,Subido:
Uploader:,Cargador:
Duration:,Duración:
"Product Images","Imágen(es) del Producto"
"Add Video","Agregar Video"
"Add video","Agregar video"
"Click here or drag and drop to add images.","Haga clic aquí o arrastre y suelte para agregar imágenes."
"Delete video","Eliminar video"
"Delete image","Eliminar imagen"
"Make Base","Hacerlo Base"
"Product List","Lista de Productos"
"Product Status","Estatus del Producto"
"Search by product name","Buscar por Nombre del Producto"
"From: ","Desde: "
"To: ","Hasta: "
"Delete Products","Eliminar Productos"
Type,Tipo
"Qty. Confirmed","Cantidad Confirmada"
"Qty. Pending","Cantidad Pendiente"
"Qty. Sold","Cantidad Vendida"
"Earned Amount","Ganancias Percibidas"
Websites,Websites
"No Product Available","No hay Productos Disponibles"
"Create Attribute for Configurable Products","Crear Atributo para Producto Configurable"
"Save Attribute","Guardar Atributo"
"Attribute Code","Código de Atributo"
"Attribute Label","Etiqueta de Atributo"
"Catalog Input Type","Tipo de Entrada de Catálogo"
"Catalog Input Type for Store Owner","Tipo de Entrada de Catálogo para Dueño de Tienda"
Dropdown,Desplegable
"Values Required","Valores Requeridos"
"Related Products","Productos Relacionados"
"Related products are shown to customers in addition to the item the customer is looking at.","Los productos relacionados se muestran a los clientes además del artículo que el cliente está mirando.."
"Up-Sell Products","Productos Up-Sell"
"An up-sell item is offered to the customer as a pricier or higher-quality alternative to the product the customer is looking at.","An up-sell item is offered to the customer as a pricier or higher-quality alternative to the product the customer is looking at."
"About Us","Acerca de Nosotros"
"Average Rating (%1)","Puntuación Media (%1)"
"positive feedback","feedback positivo"
"Make a Review","Hacer una Reseña"
"Write your Review","Escribe tu Reseña"
"Average Price Rating (%1)","Calificación Promedio del Precio (%1)"
"5 Star (%1)","5 Estrellas (%1)"
"4 Star (%1)","4 Estrellas (%1)"
"3 Star (%1)","3 Estrellas (%1)"
"2 Star (%1)","2 Estrellas (%1)"
"1 Star (%1)","1 Estrellas (%1)"
"Average Value Rating (%1)","Calificación Promedio del Valor (%1)"
"Average Quality Rating (%1)","Calificación Promedio de la Calidad (%1)"
"By %1 ","Por %1 "
Rating,Calificación
Pricing,Precios
"Write Your Own Feedback","Escribe Tus Propios Comentarios"
"How do you rate this Store","Cómo calificas esta Tienda"
star,estrella
stars,estrellas
Nickname,Apodo
"Summary of Your Review","Resumen de Tu Reseña"
"Submit Review","Enviar Reseña"
"You need to purchase item(s) first to make a review.","Para poder realizar una reseña, primero debes haber comprado el producto."
"You cannot add review for your own shop.","No puedes realizar una reseña para tu propia tienda."
"Login To Give Feedback","Inicie Sesión para Enviar Comentarios"
item,item
items,items
"Now Shopping by","Ahora Comprando por"
Previous,Previo
Remove,Remover
"Remove This Item","Remover este Producto"
"Shop By","Comprar Por"
"Clear All","Clear All"
"Shopping Options","Opciones de Compra"
Contact,Contacto
"Contact Seller","Contactar Vendedor"
"Your Name","Tu Nombre"
"Your Email","Tu Correo Electrónico"
"Please enter desired result","Ingrese el resultado deseado"
" Wrong verification number. "," Número de verificación incorrecto. "
"Your mail has been sent.","Su correo ha sido enviado."
"View All Reviews","Ver Todas las Reseñas"
"Recently Added Products","Prodcutos Agregados Recientemente"
"View Detail","Ver Detalles"
"View All %1 Products","Ver Todos los %1 Productos"
Search,Buscar
About,Acerca
Shipping,Envíos
Return,Devoluiones
"Check in Facebook","Consultar en Facebook"
"Check in Twitter","Consultar en Twitter"
"Check in Google+","Consultar en Google+"
"Check in Vimeo","Consultar en Vimeo"
"Check in Youtube","Consultar en Youtube"
"Check in Instagram","Consultar en Instagram"
"Check in Pinterest","Consultar en Pinterest"
"Choose an appropriate reason to flag","Elije una razón adecuada para denunciar"
"Thank you.","Muchas Gracias!"
"Your report against ","Tu informe en contra "
" has been submitted."," ha sido enviado."
"We will re-verify the seller Information and see if it violates any of our policy or selling guidelines.","Volveremos a verificar la información del vendedor y veremos si viola alguna de nuestras políticas o pautas comerciales."
"Search sellers by shop name from here","Buscar vendedores por nombre de tienda desde aquí"
"No Seller Available","No hay Vendedor Disponible"
"%1 Total Products","Total Productos %1"
Cancel,Cancelar
Next,Próximo
"Transaction Id","Id de Transacción"
"Search by Transaction Id","Buscar por Transacción Id"
"Download .CSV","Descargar .CSV"
"No Transaction Available","No hay Transacciones Disponibles"
"Comment Message","Comment Message"
"Transaction Amount","Monto de Transacción"
"Transaction Id %1 - %2","Transaction Id %1 - %2"
"Transaction Information","Información de Transacción"
Method,Método
"Transaction Order Information","Transaction Order Information"
"Total Discount","Total Discount"
"Total Shipping","Total Shipping"
"Coupon Amount","Coupon Amount"
Statement,Balance
"Total Seller earning","Total de Ganancias del Vendedor"
"base currency","Moneda Base"
Tax,Impuestos
Withdrawal,Retiro
"Remaining Payout","Pagos Remanentes"
"Make a Withdrawal","Hacer un Retiro"
"%1 Product","%1 Producto"
"%1 ratings","%1 ratings"
"We will re-verify the product Information and see if it violates any of our policy or selling guidelines.","Revisaremos de nuevo la información del producto y veremos si viola alguna de nuestras políticas o pautas de venta."
"%customer_name,","%customer_name,"
"I would like to ask a question regarding the product.","I would like to ask a question regarding the product."
Question,Pregunta
"I would like to ask a question,please revert back to me asap.","I would like to ask a question,please revert back to me asap."
"A question has been ask by seller please revert back to him as soon as possible.","A question has been ask by seller please revert back to him as soon as possible."
"Seller's Name","Nombre del Vendedor"
"Seller's Question","Pregunta del Vendedor"
"This is to inform you that ","Es para informarle que "
" has requested to become a seller."," ha solicitado convertirse en vendedor."
"Please ","Por Favor "
" Click here"," Click aquí"
" to login."," para iniciar sesión."
%seller_message,%seller_message
Category,Categoría
"Please approve the product as soon as possible.","or favor apruebe el producto lo antes posible."
"Thank you","Muchas Gracias"
"I would like to inform you that your product is in low stock.","Queremos informarle que su producto presenta un inventario bajo."
"You can increase the product stock by <a href=""%account_url"">logging into your account</a>.","Puedes aumentar el inventario de productos <a href=""%account_url"">accediendo a tu cuenta</a>."
"Your Product Information-","Tu Información de Producto-"
Sku,Código
"Stock Quantity","Cantidad en Inventario"
"I would like to inform you that one of your order has been invoiced.","Me gustaría informarle que uno de sus pedidos ha sido facturado."
"You can check your order by <a href=""%account_url"">logging into your account</a>.","Puedes consultar su pedido <a href=""%account_url"">accediendo a tu cuenta</a>."
"Your Order <span class=""no-link"">#%increment_id</span>","Tu Pedido <span class=""no-link"">#%increment_id</span>"
"Placed on <span class=""no-link"">%created_at</span>","Realizado el <span class=""no-link"">%created_at</span>"
"Billing Info","Información de Facturación"
Item,Producto
"I would like to inform you that a order has been sold from the store.","Queremos informarle que se ha vendido un pedido de la tienda."
"You can check the status of your order by <a href=""%account_url"">logging into your account</a>.","You can check the status of your order by <a href=""%account_url"">accediendo a tu cuenta</a>."
"I would like to inform you that your product has been approved.","I would like to inform you that your product has been approved."
"Product Description","Product Description"
"This is to inform you that your product has been denied from approval.","This is to inform you that your product has been denied from approval."
"Deny Reason","Negar Motivo"
"Product Information","Información del Producto"
"%admin_name,","%admin_name,"
"A flag is reported against the product %product_name","A flag is reported against the product %product_name"
"Reporter Name","Reporter Name"
"Reporter Email","Reporter Email"
"I would like to inform you that your product has been disapproved.","I would like to inform you that your product has been disapproved."
"This is to inform you that you are approved as seller.","This is to inform you that you are approved as seller."
"Click here ","Click aquí "
"to login.","para Iniciar Sesión."
"This is to inform you that you are denied to become a seller.","This is to inform you that you are denied to become a seller."
"Seller Name","Nombre del Vendedor"
"This is to inform you that you are disapproved from seller.","Esto es para informarle que no está aprobado por el vendedor."
"A flag is reported against the seller %seller_name","Una denuncia ha sido reportada contra el vendedor %seller_name"
"This is to inform you that your become seller request in processing state.","This is to inform you that your become seller request in processing state."
"I would like to inform you that your payment for your order(s) has been successfully done.","I would like to inform you that your payment for your order(s) has been successfully done."
"You can check your transaction by <a href=""%account_url"">logging into your account</a>.","You can check your transaction by <a href=""%account_url"">logging into your account</a>."
"Transaction Id <span class=""no-link"">#%increment_id</span>","Transacción Id <span class=""no-link"">#%increment_id</span>"
Hello,Hello
"Request to withdraw an amount ","Solicitud para retirar una cantidad "
" is received from seller %seller."," se recibe del vendedor %seller."
"Please check after <a href=""%account_url"">logging into your account</a>.","Por favor, compruebe después <a href=""%account_url"">iniciar sesión en tu cuenta</a>."
"Select All on This Page","Seleccionar Todo en Esta Página"
"Deselect All on This Page","Deseleccionar Todo en Esta Página"
"Go to Details Page","Ir a la Página de Detalles"
" Notify Seller by Email"," Notificar Vendedor por Correo Electrónico"
"New Product Review","Revisión de Nuevos Productos"
"Here are the products you're about to create.","Estos son los productos que estás a punto de crear."
"Associated Products","Productos Asociados"
"You created these products for this configuration.","You created these products for this configuration."
"Disassociated Products","Productos Desasociados"
"These products are not associated.","Estos productos no están asociados."
"We could not detect a size.","No pudimos detectar una talla."
"Disable Product","Inhabilitar Producto"
"Enable Product","Habilitar Producto"
"We don't recognize or support this file extension type.","No reconocemos o soportamos este tipo de extensión de archivo."
"Report Seller","Reportar Vendedor"
"Success Message","Mensaje Exitoso"
"Your mail has been sent...","Su correo ha sido enviado...."
"Report Product","Reportar Producto"
"New Attribute","Nuevo Atributo"
"Configure Product","Configurar Producto"
OK,OK
"Invalid Image Extension. Allowed extensions are jpg, jpef, png, gif","Invalid Image Extension. Allowed extensions are jpg, jpef, png, gif"
"Are you sure you want to delete this banner?","¿Deseas eliminar este banner?"
"Are you sure you want to delete this logo?","¿Deseas eliminar este logotipo?"
"Invalid address.","Dirección inválida."
"There was error during fetching results.","Hubo un error al obtener los resultados."
"Wrong verification number.","Número de verificación incorrecto."
" Shop URL For Your Marketplace Shop "," URL de tu tienda para el Marketplace "
" (This will be used to display your public profile) "," (Será mostrado en tu perfil público) "
"There was error during verifying seller shop data","Se produjo un error al verificar los datos de la tienda del vendedor."
"Incl. Tax","Impuestos (Incluidos)"
"Video Error","Error del Video"
"Unknown video type","Tipo de video desconocido"
"Invalid video url","URL del Video inválida"
"Youtube API key is invalid","Youtube API key es inválida"
"Video cant be shown due to the following reason: ","El video no se puede mostrar debido a la siguiente razón: "
"Video not found","Video no encontrado"
"New Video","Nuevo Video"
"Edit Video","Editar Video"
"Images and Videos","Imagenes y Videos"
"Image Detail","Detalle de Imagen"
Admin,Administrador
"Default Store View","Vista de Tienda Predeterminada"
Position,Posición
"Is Default","Es Predeterminado"
"Add Option","Agregar Opción"
"Delete Row","Eliminar Fila"
"SKU can't be left empty","Código no puede dejarse en blanco"
Done,Hecho
options,opciones
Select...,Seleccione...
Selected,Seleccionado
" Are you sure you want to edit this product ? "," ¿Seguro deseas editar este producto ? "
" No Checkbox is checked "," No hay casilla de verificación marcada "
" Are you sure you want to delete these product ? "," ¿Seguro deseas eliminar estos producto ? "
" Are you sure you want to delete this product ? "," ¿Seguro deseas eliminar este producto ? "
"Select Associated Product","Seleccionar Producto Asociado"
"For better results, add attributes and attribute values to your products.","Para mejores resultados, agrega atributos y valores del atributo a tus productos."
"An attribute has been removed. This attribute will no longer appear in your configurations.","Se ha eliminado un atributo. Este atributo ya no aparecerá en sus configuraciones."
"Select options for all attributes or remove unused attributes.","Seleccione opciones para todos los atributos o elimine los atributos no utilizados."
"Please, select attribute for the section ","Por favor, seleccione el atributo para la sección. "
"Please fill in the values for the section ","Por favor complete los valores de la sección "
"Please, fill correct values","Por favor, rellene los datos correctos"
"Please, select image(s) for your attribute","Por favor, selecciona imagen(es) para tu atributo"
"Please choose image(s)","Por favor sellecione imagen(es)"
"Please, select attribute(s)","Por favor, sellecione atributo(s)"
"Generate Products","Generar Productos"
Webkul,Webkul
"General Settings","Ajsutes Generales"
"Admin Name","Nombre del Administrador"
"It will be used in marketplace transactional emails and other places where admin name is required.","It will be used in marketplace transactional emails and other places where admin name is required."
"Admin Email-id","Correo Electrónico-ID de Administrador"
"It will be used in email templates and other places where admin email is required.","It will be used in email templates and other places where admin email is required."
"Global Commission Rate","Tasa de Comisión Global"
"Should be integer value like 20","Debe ser un valor entero tal como 20"
"Allow Seller to Manage Orders","Permitir al Vendedor Administrar Pedidos"
"Move Product Tax to Seller Account","Trasladar Impuesto del Producto a la Cuenta del Vendedor"
"Seller Approval Required","Se requiere Aprobación del Vendedor"
"Set Captcha Enable","Establecer Captcha Habilitado"
"Seller Dashboard Layout Settings","Configuración de Diseño del Panel del Vendedor"
"Allow seller separate dashboard","Permitir al vendedor un panel independiente"
"Seller dashboard logo image","Imagen del logotipo del panel del vendedor"
"Seller Flags","Denuncias del Vendedor"
Text,Texto
"Guests Can Flag","Visitante puede Denunciar"
"If this field is set to 'Yes, Required', make sure some reasons are created and enabled, First 5 reasons will show on flag creation page.","If this field is set to 'Yes, Required', make sure some reasons are created and enabled, First 5 reasons will show on flag creation page."
"Accept Other Reasons","Acepta Otras Razones"
"Other Field's Placeholder","Other Field's Placeholder"
"Seller Product's Settings","Seller Product's Settings"
"Attribute Set ID","Attribute Set ID"
"Product Approval Required","Se requiere Aprobación del Producto"
"Product Update Approval Required","Product Update Approval Required"
"Allow Category tree view like admin product category tree","Allow Category tree view like admin product category tree"
"Allowed Categories for seller to add products","Allowed Categories for seller to add products"
"e.g Please enter category ids by comma(,) separated","e.g Please enter category ids by comma(,) separated"
"Product Type For Seller","Product Type For Seller"
"Allow seller to add products with sku type","Allow seller to add products with sku type"
"Product Sku Prefix","Product Sku Prefix"
"e.g if sku prefix = ""xyz"" then your product sku will be as xyz-productsku","e.g if sku prefix = ""xyz"" then your product sku will be as xyz-productsku"
"Allow Seller to Add Related Products","Allow Seller to Add Related Products"
"Allow Seller to Add Up-Sell Products","Allow Seller to Add Up-Sell Products"
"Allow Seller to Add Cross-Sell Products","Allow Seller to Add Cross-Sell Products"
"Allow Seller to Add Limit on Product Purchase for Customer","Allow Seller to Add Limit on Product Purchase for Customer"
"e.g if set 5 then customer will allowed to add maximum 5 qty of the products in cart.","e.g if set 5 then customer will allowed to add maximum 5 qty of the products in cart."
"Seller Order's Settings","Seller Order's Settings"
"Order Approval Required","Order Approval Required"
"Minimum Order Amount Settings","Minimum Order Amount Settings"
"Amount value for seller","Valor de la Cantidad para el vendedor"
"if this value is yes then amount value will be used for those sellers who have not filled the minimum order amount.","if this value is yes then amount value will be used for those sellers who have not filled the minimum order amount."
"Inventory Settings","Configuración de Inventario"
"Enable Low Notification","Habilitar Notificación de Bajo"
"Allow to send low stock notification mail to sellers","Allow to send low stock notification mail to sellers"
"Low Stock Quantity","Cantidad de Inventario Bajo"
"Allow to send low stock notification mail to sellers when product quantity will be equal or less then this quantity","Allow to send low stock notification mail to sellers when product quantity will be equal or less then this quantity"
"Seller Profile Page Settings","Configuración de la Página del Perfil del Vendedor"
"Display Seller Profile","Mostrar Perfil del Vendedor"
"Seller Information Display Card Type","Seller Information Display Card Type"
"It will be visible on Product Page","It will be visible on Product Page"
"Enable Color Picker","Habilitar Selector de Color"
"Allow sellers to change their profile page background color","Allow sellers to change their profile page background color"
"Seller Policies Enable at frontend","Seller Policies Enable at frontend"
"Rewrite Seller's Shop URL","Rewrite Seller's Shop URL"
"Allow sellers to manage their shop URL","Allow sellers to manage their shop URL"
"Allow to automatic create seller public url on seller registration","Allow to automatic create seller public url on seller registration"
"Automatic create seller public url as profile url - yourwebsite.com/seller-shop-url, collection url - yourwebsite.com/seller-shop-url/collection, location url - yourwebsite.com/seller-shop-url/location, feedback url - yourwebsite.com/seller-shop-url/feedback on seller registration","Automatic create seller public url as profile url - yourwebsite.com/seller-shop-url, collection url - yourwebsite.com/seller-shop-url/collection, location url - yourwebsite.com/seller-shop-url/location, feedback url - yourwebsite.com/seller-shop-url/feedback on seller registration"
"Allow to show featured sellers","Permitir mostrar vendedores destacados"
"Allow to show the featured sellers on frontend","Permitir mostrar los vendedores destacados en el forntend"
"Marketplace Seller Review Settings","Marketplace Seller Review Settings"
"Make a Review on only Order Purchase","Hacer Reseña solo en Pedidos"
"Allow only authorize buyers to review for seller","Permitir que solo compradores autorizados reseñén a vendedores"
"Landing Page Settings","Ajustes del Landing Page"
"Marketplace Landing Page Head Title","Título de Encabezado del Marketplace Landing Page"
"e.g Turn Your Passion Into a Business","e.g Convierte tu pasión en un negocio"
"Marketplace Landing Page Layout","Diseño del Landing Page de Marketplace"
"e.g Select Layout Which will be seen at frontend","e.g Seleccione el diseño que se verá en la interfaz"
"Display Banner","Mostrar Banner"
"Banner Image","Imagen del Banner"
"Banner Content","Contenido del Banner"
"This content will be display over the banner image in the marketplace landing page url-www.yourwebsite.com/marketplace","This content will be display over the banner image in the marketplace landing page url-www.yourwebsite.com/marketplace"
"Marketplace Landing Page Label1","Marketplace Landing Page Label1"
"e.g Turn Your Passion Into a Business (will be display above all feature's icons)","e.g Turn Your Passion Into a Business (will be display above all feature's icons)"
"Marketplace Landing Page Label2","Marketplace Landing Page Label2"
"e.g Sellers with Taste (will be display above top 4 seller's block)","e.g Sellers with Taste (will be display above top 4 seller's block)"
"Marketplace Landing Page Label3","Marketplace Landing Page Label3"
"e.g More than 500 shop owners have joined us last month (will be display above ""View All Sellers"" button)","e.g More than 500 shop owners have joined us last month (will be display above ""View All Sellers"" button)"
"Marketplace Landing Page Label4","Marketplace Landing Page Label4"
"e.g Why to sell with us (will be display above marketplace content)","e.g Why to sell with us (will be display above marketplace content)"
"Marketplace Landing Page Button Label","Marketplace Landing Page Button Label"
"e.g Open a Marketplace Shop - this will also display over banner","e.g Open a Marketplace Shop - this will also display over banner"
"Display Icons","Mostrar Iconos"
"Feature:1 Icon","Característica:1 Icon"
"Feature:1 Icon Label","Característica:1 Icon Label"
"e.g Register Yourself","e.g Register Yourself"
"Feature:2 Icon","Característica:2 Icon"
"Feature:2 Icon Label","Característica:2 Icon Label"
"e.g Add Products","e.g Add Products"
"Feature:3 Icon","Característica:3 Icon"
"Feature:3 Icon Label","Característica:3 Icon Label"
"e.g Start Selling","e.g Start Selling"
"Feature:4 Icon","Característica:4 Icon"
"Feature:4 Icon Label","Característica:4 Icon Label"
"e.g Generate Revenues","e.g Generate Revenues"
"About Marketplace","Acerca del Marketplace"
"e.g ferreteo","e.g ferreteo"
"Marketplace Seller List Page Top Label","Marketplace Seller List Page Top Label"
"Marketplace Seller List Page Bottom Label","Marketplace Seller List Page Bottom Label"
"Marketplace Landing Page Layout2 Button Label","Marketplace Landing Page Layout2 Button Label"
"e.g Open your shop - this will also display over banner button","e.g Open your shop - this will also display over banner button"
"Terms and Conditions URL","Terms and Conditions URL"
"e.g Terms and Conditions link(cms page link) where customer will see all the terms of becoming seller, url will be look like - http://www.yourwebsite.com/terms-conditions","e.g Terms and Conditions link(cms page link) where customer will see all the terms of becoming seller, url will be look like - http://www.yourwebsite.com/terms-conditions"
"Marketplace Landing Page Layout3 Button Label","Marketplace Landing Page Layout3 Button Label"
"e.g Really easy to setup and customize (will be display above all feature's icons)","e.g Really easy to setup and customize (will be display above all feature's icons)"
"e.g Why to sell with us","e.g Why to sell with us"
"e.g Open your online shop and Explore a new world of market with more than millions of shoppers(will be display above ""View All Sellers"" button)","e.g Open your online shop and Explore a new world of market with more than millions of shoppers(will be display above ""View All Sellers"" button)"
"e.g Create an Account","e.g Create an Account"
"e.g Customize your Profile","e.g Customize your Profile"
"e.g Add your Details","e.g Add your Details"
"e.g Add your Product Listing","e.g Add your Product Listing"
"Feature:5 Icon","Feature:5 Icon"
"Feature:5 Icon Label","Feature:5 Icon Label"
"e.g Sell your Product and Earn Profits","e.g Sell your Product and Earn Profits"
"e.g Terms and Conditions link(cms page link) where customer will see all the terms of becoming seller, url will be look like -www.yourwebsite.com/terms-conditions","e.g Terms and Conditions link(cms page link) where customer will see all the terms of becoming seller, url will be look like -www.yourwebsite.com/terms-conditions"
"Display Seller registration block on customer registration page","Display Seller registration block on customer registration page"
"Seller Layered Navigation","Seller Layered Navigation"
"Display Seller Filter in Layered Navigation","Display Seller Filter in Layered Navigation"
"Display Name for Admin in Layered Navigation","Display Name for Admin in Layered Navigation"
"This will be used for Admin's product in layered navigation","This will be used for Admin's product in layered navigation"
"Seller's Sitemap Setting","Seller's Sitemap Setting"
"Allow Seller's Url in Sitemap","Allow Seller's Url in Sitemap"
"Allow Seller's Profile Url in Sitemap","Allow Seller's Profile Url in Sitemap"
"Seller's Profile Url Frequency in Sitemap","Seller's Profile Url Frequency in Sitemap"
"Seller's Profile Url Priority in Sitemap","Seller's Profile Url Priority in Sitemap"
"Valid values range from 0.0 to 1.0.","Valid values range from 0.0 to 1.0."
"Allow Seller's Collection Url in Sitemap","Allow Seller's Collection Url in Sitemap"
"Seller's Collection Url Frequency in Sitemap","Seller's Collection Url Frequency in Sitemap"
"Seller's Collection Url Priority in Sitemap","Seller's Collection Url Priority in Sitemap"
"Marketplace Product Page Fields Hints","Marketplace Product Page Fields Hints"
"Enable Product Hints","Enable Product Hints"
"Product Short Description","Product Short Description"
"Product Special Price","Product Special Price"
"Product Special Price Start Date","Product Special Price Start Date"
"Product Special Price End Date","Product Special Price End Date"
"Product Quantity","Product Quantity"
"Product Stock Availability","Product Stock Availability"
"Product Tax Types","Product Tax Types"
"Product Weight","Product Weight"
"Product Image","Product Image"
"Product Enable","Product Enable"
"Marketplace Profile Page Fields Hints","Marketplace Profile Page Fields Hints"
"Enable Profile Hints","Enable Profile Hints"
"Do You Want To Become Seller/Vendor?","Do You Want To Become Seller/Vendor?"
"Profile Twitter id","Profile Twitter id"
"Profile Facebook id","Profile Facebook id"
"Profile Instagram id","Profile Instagram id"
"Profile Google id","Profile Google id"
"Profile Youtube id","Profile Youtube id"
"Profile Vimeo id","Profile Vimeo id"
"Profile Pinterest id","Profile Pinterest id"
"Profile Contact Number","Profile Contact Number"
"Profile Background Color","Perfil - Color de Fondo"
"Profile Shop Name","Perfil - Nombre de Tienda"
"Profile Shop Banner Image","Perfil - Imagen del Banner de Empresa"
"Profile Company Logo","Perfil - Logo de Empresa"
"Profile Company Locality","Perfil - Ubucación de Empresa"
"Profile Company Description","Perfil - Descripción de Empresa"
"Profile Country","Perfil - País"
"Profile Meta Keywords","Profile Meta Keywords"
"Profile Meta Description","Profile Meta Description"
"Profile Payment Information","Profile Payment Information"
"Marketplace Transactional Emails","Marketplace Transactional Emails"
"Seller Approved Template","Seller Approved Template"
"Seller Request Template","Seller Request Template"
"Seller Unsubscribe Template","Seller Unsubscribe Template"
"Seller State Processing Template","Seller State Processing Template"
"Seller Deny by Admin Template","Seller Deny by Admin Template"
"Product Deny by Admin Template","Product Deny by Admin Template"
"Product Approval Request to Admin Template","Product Approval Request to Admin Template"
"Product Edit Approval Request to Admin Template","Product Edit Approval Request to Admin Template"
"Ask Question to Seller Regarding Product Template","Ask Question to Seller Regarding Product Template"
"Ask Question to Seller Template","Plantilla de Pregunta al Vendedor"
"Ask Question to Admin By Seller Template","Ask Question to Admin By Seller Template"
"Product approval Mail to Seller Template","Product approval Mail to Seller Template"
"Product disapproval Mail to Seller Template","Product disapproval Mail to Seller Template"
"Seller Order Placed Notification Mail Template","Seller Order Placed Notification Mail Template"
"Seller Order Invoiced Notification Mail Template","Seller Order Invoiced Notification Mail Template"
"Seller Transaction Mail Template","Seller Transaction Mail Template"
"Seller Low Stock Notification Template","Seller Low Stock Notification Template"
"Withdrawal Request Mail Template","Withdrawal Request Mail Template"
"Reported Flag Against Product Template","Reported Flag Against Product Template"
"Reported Flag Against Seller Template","Reported Flag Against Seller Template"
"Vendor Featured","Vendor Featured"
"Widget for Vendor Featured","Widget for Vendor Featured"
"Transition Time","Tiempo de Transición"
"e.g 3000 put the Transition Time","e.g 3000 put the Transition Time"
"Seller Ids","Id de Vendedores"
"Add values with comma separation e.g 16,17,25","Add values with comma separation e.g 16,17,25"
Width,Ancho
"Ratio of Height:Width","Radio de Altura:Ancho"
"e.g 1:2 , if you provide invalid ratio then it will set the seller logo ratio 1:2 by default","e.g 1:2 , if you provide invalid ratio then it will set the seller logo ratio 1:2 by default"
"Seller ID","Seller ID"
"Commission Rate(%)","Tasa de Comisión(%)"
"Received Amount","Monto Recibido"
"Commission Amount","Monto de Comisión"
"Remaining Amount","Cantidad Restante"
"Last Paid Amount","Último Monto Pagado"
Disapprove,Desaprobado
"Are you sure you want to disapprove selected feedback as default customer?","Are you sure you want to disapprove selected feedback as default customer?"
Approve,Aprobar
"Are you sure you want to approve selected customer as feedback?","Are you sure you want to approve selected customer as feedback?"
"Price Rating(in star)","Calificación de Precio(en estrellas)"
"Value Rating(in star)","Calificación de Valor(en estrellas)"
"Quality Rating(in star)","Calificación de Calidad(en estrellas)"
"Feed Summary","Feed Summary"
"Feed Review","Feed Review"
Order#,Orden#
"Purchased On","Comprado en"
"Quantity to be Paid","Cantidad a Pagar"
"Product Total","Total de Producto"
"Total Seller Amount","Monto Total del Vendedor"
"Total Commission","Total de Comisiones"
"Paid Status","Estatus Pagado"
"General Information","General Information"
"Are you sure you want to delete selected items?","¿Está seguro de que deseas eliminar los productos seleccionados?"
"Delete items","Eliminar Productos"
"Are you sure you want to disable selected items?","¿Está seguro de que deseas inhabilitar los productos seleccionados?"
"Update Status","Actualizar Estatus"
"Are you sure you want to enable selected items?","¿Está seguro de que deseas habilitar los productos seleccionados?"
"Updated At","Actualizado en"
"Are you sure you want to disapprove selected items?","¿Está seguro de que deseas desaprobar los productos seleccionados?"
"Are you sure you want to approve selected items?","¿Está seguro de que desea aprobar los productos seleccionados?"
"Product ID","ID de Producto"
"Store View","Vista de Tienda"
Modified,Modificado
Preview,Previsualizar
"Product View","Product View"
"Are you sure you want to disapprove selected seller as default customer?","¿Está seguro de que deseas desaprobar al vendedor seleccionado como cliente predeterminado?"
"Are you sure you want to approve selected customer as seller?","¿Está seguro de que deseas aprobar al cliente seleccionado como vendedor?"
"Are you sure you want to process selected seller request(s)?","¿Está seguro de que deseas procesar las solicitudes de vendedor seleccionadas?"
"Seller Email","Correo Electrónico de Vendedor"
"Seller Status","Estatus de Vendedor"
Phone,Teléfono
"ZIP","Código Postal"
State/Province,Estado
"Web Site","Web Site"
"Seller Since","Vendedor Desde"
"Approval Status","Estatus de Aprobación"
"Approve Order","Aprobar Pedido"
"Are you sure you want to approve selected order?","¿Estás seguro(a) que deseas aprobar el pedido seleccionado?"
Sell,Vender
"Vendor Dashboard","Panel del Vendedor"
"Vendor Login","Inicio de Sesión de Vendedor"
"Marketplace Become Seller","Convertirme en Vendedor de Ferreteo"
"My Customer History","Historial de Clientes"
"Marketplace Edit Seller Profile","Editar Perfil de Vendedor Marketplace "
"New Credit Memo","Nueva Nota de Crédito"
"View Memo","Ver Memo"
"View All Memos","Ver Todos los Memos"
"View Invoice Details","Ver Detalles de Factura"
"Order Details","Detalles del Pedido"
"View Shipment Details","Ver Detalles de Envío"
"View Order Details","Ver Detalles de Pedido"
"Marketplace Add New Product","Agregar Producto Nuevo al Marketpplace"
"Manage Configurable Product's Attribute","Gestionar Atributo de Productos Configurables"
"Marketplace Edit Product","Editar Producto del Marketplace"
"Transactions Details","Detalles de Transacción"
Thumbnail,Miniatura
AttributeSetText,AttributeSetText
StatusText,TextoEstatus
"Contact No.","Teléfono"
Gender,Genero
Address,Dirección
"Base Total","Monto Base"
Interval,Intervalo
"Total Amount","Monto Total"
"Total Earning","Total de Ganancias"
"Total Discount Amount","Monto de Descuento Total"
"Purchased Total","Total Comprado"
Customer,Cliente
Details,Detalles
Time,Hora
"Print Invoice Slip","Imprimir Comprobante de Factura"
"Are you sure you want to print invoice slip of selected order(s)?","¿Estás seguro que quieres imprimir el comprobante de factura de los pedidos seleccionados?"
"Print Shipping Slip","Imprimir Comprobante de Envío"
"Are you sure you want to print shipping slip of selected order(s)?","¿Estás seguro que quieres imprimir el comprobante de envío de los pedidos seleccionados?"
Required,Requerido
System,Sistema
Visible,Visible
Scope,Alcance
Searchable,Buscable
Comparable,Comparable
"Are you sure you want to delete selected products?","¿Estás seguro que quieres eliminar los productos seleccionados?"
"Qty Sold","Cantidad Vendida"
"Qty Confirmed","Cantidad Confirmada"
"Qty Pending","Cantidad Pendiente"
Message,Mensaje
"Question List","Lista de Preguntas"
"No Questions Available","No hay Preguntas Disponibles"
"Marketplace Product List","Lista de Productos del Marketplace"
"Please Select","Por favor seleccione"
Male,Masculino
Female,Femenino
"Read More","Leer Más"
"Read More...","Leer Más..."